INSERT INTO usuarios (id, password, rol, username) VALUES (1, '$2a$10$DBc2FPq.4XperQMRTGpYnufwdTFxFCJtRZj1zsX.7vFo9YVe9rCyW', 'ADMIN', 'jesus'), (2, '$2a$10$DBc2FPq.4XperQMRTGpYnufwdTFxFCJtRZj1zsX.7vFo9YVe9rCyW', 'USER', 'maria'), (3, '$2a$10$DBc2FPq.4XperQMRTGpYnufwdTFxFCJtRZj1zsX.7vFo9YVe9rCyW', 'USER', 'carlos'), (4, '$2a$10$DBc2FPq.4XperQMRTGpYnufwdTFxFCJtRZj1zsX.7vFo9YVe9rCyW', 'USER', 'laura'), (5, '$2a$10$DBc2FPq.4XperQMRTGpYnufwdTFxFCJtRZj1zsX.7vFo9YVe9rCyW', 'USER', 'ana'), (6, '$2a$10$DBc2FPq.4XperQMRTGpYnufwdTFxFCJtRZj1zsX.7vFo9YVe9rCyW', 'USER', 'pedro');
INSERT INTO seguros (id_seguro, nif, nombre, ape1, ape2, edad, num_hijos, fecha_creacion, sexo, casado, embarazada, id_usuario) VALUES (1, '12345678A', 'Juan', 'Pérez', 'García', 35, 2, '2024-11-01', 'Hombre', 1, 0, 1), (2, '87654321B', 'María', 'López', NULL, 28, 1, '2024-10-20', 'Mujer', 1, 1, 2), (3, '45612378C', 'Carlos', 'Martínez', 'Hernández', 40, 0, '2024-09-15', 'Hombre', 0, 0, 3), (4, '78945612D', 'Laura', 'Sánchez', 'Díaz', 30, 3, '2024-10-05', 'Mujer', 1, 0, 4), (5, '95175342F', 'Ana', 'Fernández', NULL, 17, 0, '2024-08-21', 'Mujer', 0, 0, 5), (6, '85214796G', 'Pedro', 'Gómez', 'Ruiz', 29, 0, '2024-07-15', 'Hombre', 0, 0, 6);
INSERT INTO asistencias_medicas (id_asistencia_medica, id_seguro, breve_descripcion, lugar, explicacion, tipo_asistencia, fecha, hora, importe) VALUES (1, 1, 'Consulta médica general', 'Madrid', 'Consulta por síntomas leves', 'Consulta', '2024-11-02', '09:30:00', 50.00), (2, 1, 'Urgencia médica', 'Barcelona', 'Dolor abdominal intenso', 'Urgencia', '2024-11-03', '12:15:00', 150.00), (3, 2, 'Revisión ginecológica', 'Sevilla', 'Control durante embarazo', 'Consulta', '2024-11-04', '10:00:00', 70.00), (4, 4, 'Atención pediátrica', 'Valencia', 'Consulta por fiebre alta en uno de los hijos', 'Consulta', '2024-11-05', '11:00:00', 60.00), (5, 4, 'Emergencia pediátrica', 'Bilbao', 'Urgencia por accidente doméstico', 'Urgencia', '2024-11-06', '15:00:00', 200.00), (6, 6, 'Revisión médica', 'Granada', 'Chequeo de rutina', 'Consulta', '2024-11-07', '09:00:00', 30.00);